,accuracys,unlearning time
0,0.7867233575641202,4.132194995880127
1,0.7850774927993417,8.921977281570435
2,0.7835687834316281,13.739447355270386
3,0.7819229186668495,17.54594612121582
4,0.7786311891372926,20.985340118408203
5,0.7741050610341517,24.75492572784424
6,0.7699903991222055,27.452783584594727
7,0.7690303113427513,30.789854526519775
8,0.7665615141955836,33.27557826042175
9,0.7621725414895076,36.01216769218445
