,accuracys,unlearning time
0,0.7905637086819366,0.4226658344268799
1,0.7908380194760664,1.123835563659668
2,0.7896036209024825,1.758284330368042
3,0.790152242490742,2.376178741455078
4,0.7908380194760664,2.973546266555786
