,accuracys,unlearning time
0,0.7757509257989302,0.3392763137817383
1,0.7757509257989302,0.7557206153869629
2,0.7760252365930599,1.2300143241882324
3,0.7756137704018653,1.663421869277954
4,0.7760252365930599,2.1615872383117676
