,accuracys,unlearning time
0,0.7753394596077355,3.1257877349853516
1,0.7753394596077355,6.30160117149353
2,0.7741050610341517,9.70646047592163
3,0.7716362638869839,12.122302532196045
4,0.7671101357838431,14.83086347579956
5,0.7642298724454807,16.962018728256226
6,0.7636812508572213,18.73429799079895
7,0.7660128926073241,20.985286235809326
8,0.763955561651351,22.59163236618042
9,0.7654642710190646,24.040780067443848
