,accuracys,unlearning time
0,0.8116856398299273,5.647536516189575
1,0.809765464271019,11.598828315734863
2,0.809765464271019,16.766059160232544
3,0.8081195995062406,22.243436098098755
4,0.8082567549033054,27.1931734085083
5,0.8070223563297215,32.32134962081909
6,0.8071595117267865,37.89820098876953
7,0.8042792483884241,43.005428314208984
8,0.8042792483884241,48.48188757896423
9,0.8030448498148403,53.2031946182251
