,accuracys,unlearning time
0,0.8134686599917706,0.7565746307373047
1,0.8133315045947058,1.9375522136688232
2,0.8138801261829653,3.00258207321167
3,0.8136058153888356,4.032928705215454
4,0.8126457276093815,5.04685378074646
