,accuracys,unlearning time
0,0.90351966873706,2.886380195617676
1,0.9029675638371291,7.308825254440308
2,0.9028295376121463,11.791325092315674
3,0.9031055900621118,16.275484323501587
4,0.9024154589371981,20.73118829727173
5,0.9025534851621808,25.38073420524597
6,0.9022774327122153,30.149390697479248
7,0.9022774327122153,34.78229331970215
8,0.9020013802622499,39.35971474647522
9,0.9017253278122843,43.95111441612244
