,accuracys,unlearning time
0,0.893978878068852,11.126668453216553
1,0.8926073240982033,23.551782846450806
2,0.8919215471128789,35.6282274723053
3,0.8923330133040736,48.61796689033508
4,0.8927444794952681,61.73131465911865
5,0.892881634892333,74.69600462913513
6,0.8927444794952681,87.67567825317383
7,0.8919215471128789,100.45794248580933
8,0.8924701687011384,113.36412572860718
9,0.8916472363187491,126.02006721496582
