,accuracys,unlearning time
0,0.8950761212453711,3.0450797080993652
1,0.8952132766424359,7.9873552322387695
2,0.8952132766424359,12.831655502319336
3,0.8956247428336305,17.743069410324097
4,0.8952132766424359,22.66963791847229
5,0.8953504320395007,27.656572103500366
6,0.8950761212453711,32.6322066783905
7,0.8945274996571115,37.844520807266235
8,0.8949389658483061,42.82411241531372
9,0.8946646550541764,47.737393379211426
