,accuracys,unlearning time
0,0.8950761212453711,3.1790289878845215
1,0.8948018104512413,8.141436576843262
2,0.8943903442600466,12.757618188858032
3,0.8953504320395007,17.17648935317993
4,0.8950761212453711,21.688454389572144
