,accuracys,unlearning time
0,0.8176673567977916,0.7410242557525635
1,0.8179434092477571,1.891589641571045
2,0.8180814354727398,2.908867835998535
3,0.8178053830227743,4.081732511520386
4,0.8178053830227743,5.137911319732666
