,accuracys,unlearning time
0,0.8134686599917706,0.8248906135559082
1,0.8136058153888356,1.933910608291626
2,0.8137429707859004,2.969942808151245
3,0.8133315045947058,4.1221604347229
4,0.8131943491976409,5.17898964881897
