,accuracys,unlearning time
0,0.7809576224545954,8.349513530731201
1,0.7809576224545954,12.26021409034729
2,0.7809576224545954,17.080164670944214
3,0.781095211887727,20.76205849647522
4,0.781095211887727,23.49041223526001
5,0.7812328013208586,26.871476888656616
6,0.7813703907539901,29.683905601501465
7,0.7813703907539901,32.159592151641846
8,0.7812328013208586,36.21592617034912
9,0.781095211887727,38.35861253738403
