,accuracys,unlearning time
0,0.7720477300781786,2.0617809295654297
