,accuracys,unlearning time
0,0.7638184062542861,2.249790906906128
