,accuracys,unlearning time
0,0.7616239199012481,2.707167387008667
