,accuracys,unlearning time
0,0.8241607044578977,1.821343183517456
1,0.8241607044578977,2.3584578037261963
2,0.8241607044578977,3.0576889514923096
3,0.8240231150247661,3.7224462032318115
4,0.8241607044578977,4.318850755691528
