,accuracys,unlearning time
0,0.7616239199012481,2.7360568046569824
