,accuracys,unlearning time
0,0.7963676389653275,2.398097038269043
1,0.7963676389653275,2.743192434310913
2,0.796505228398459,3.0413970947265625
3,0.796505228398459,3.347128391265869
4,0.796505228398459,3.6309216022491455
