,accuracys,unlearning time
0,0.7618982306953779,2.7369961738586426
