,accuracys,unlearning time
0,0.7919647771051184,7.78261137008667
1,0.7915520088057237,11.162871837615967
2,0.7915520088057237,14.887898206710815
3,0.7916895982388552,17.9109046459198
4,0.7918271876719868,22.240190267562866
5,0.7916895982388552,25.552090167999268
6,0.7911392405063291,29.337602615356445
7,0.7910016510731975,32.978771448135376
8,0.790588882773803,38.813586473464966
9,0.7907264722069345,42.643959522247314
