,accuracys,unlearning time
0,0.7616239199012481,2.9701011180877686
