,accuracys,unlearning time
0,0.7666986695926484,2.247589349746704
