,accuracys,unlearning time
0,0.7808256754903306,2.358336925506592
