,accuracys,unlearning time
0,0.8090258668134287,2.012634515762329
1,0.8090258668134287,2.316821813583374
2,0.8090258668134287,2.7696096897125244
3,0.8090258668134287,3.1795125007629395
4,0.8090258668134287,3.5385525226593018
