,accuracys,unlearning time
0,0.8238855255916345,1.9008936882019043
1,0.8238855255916345,6.911453485488892
2,0.8238855255916345,11.897178173065186
3,0.8236103467253715,16.963189363479614
4,0.8231975784259769,22.03182363510132
