,accuracys,unlearning time
0,0.8051733626857457,7.599412441253662
1,0.8048981838194826,13.76694369316101
2,0.8047605943863512,20.252068042755127
3,0.8047605943863512,27.910465955734253
4,0.8048981838194826,36.00141716003418
5,0.804210236653825,43.374467849731445
6,0.804485415520088,53.84903645515442
7,0.8040726472206935,60.937758445739746
8,0.8040726472206935,70.28794455528259
9,0.8043478260869565,77.1847095489502
