,accuracys,unlearning time
0,0.8175815105241436,2.028355598449707
1,0.8173063695143761,6.665075778961182
2,0.8170312285046086,11.128604173660278
3,0.8170312285046086,15.874606609344482
4,0.8170312285046086,20.610919713974
